,Item,gold,AD,AS,critical_chance,life_steal,armor_penetration,lethality,AP,AH,mana,mana_regen,hsp,omnivamp,magic_penetration,HP,physical_armor,magical_armor,HP_regen,Maps
0,Abyssal Mask,3000,0.0,0.0,0.0,0.0,0.0,0.0,0.0,10.0,300.0,0.0,0.0,0.0,0.0,500.0,0,40.0,0.0,All
1,Aegis of the Legion,1200,0.0,0.0,0.0,0.0,0.0,0.0,0.0,10.0,0.0,0.0,0.0,0.0,0.0,0,30.0,30.0,0.0,All
2,Aether Wisp,850,0.0,0.0,0.0,0.0,0.0,0.0,30.0,0.0,0.0,0.0,0.0,0.0,0.0,0,0,0,0.0,All
3,Amplifying Tome,435,0.0,0.0,0.0,0.0,0.0,0.0,20.0,0.0,0.0,0.0,0.0,0.0,0.0,0,0,0,0.0,All
4,Anathema's Chains,2500,0.0,0.0,0.0,0.0,0.0,0.0,0.0,20.0,0.0,0.0,0.0,0.0,0.0,650.0,0,0,0.0,All
5,Archangel's Staff,3000,0.0,0.0,0.0,0.0,0.0,0.0,80.0,10.0,500.0,0.0,0.0,0.0,0.0,200.0,0,0,0.0,All
6,Ardent Censer,2300,0.0,0.0,0.0,0.0,0.0,0.0,60.0,0.0,0.0,1.0,0.08,0.0,0.0,0,0,0,0.0,All
7,Axiom Arc,3000,55.0,0.0,0.0,0.0,0.0,18.0,0.0,25.0,0.0,0.0,0.0,0.0,0.0,0,0,0,0.0,All
8,B. F. Sword,1300,40.0,0.0,0.0,0.0,0.0,0.0,0.0,0.0,0.0,0.0,0.0,0.0,0.0,0,0,0,0.0,All
9,Bami's Cinder,1000,0.0,0.0,0.0,0.0,0.0,0.0,0.0,0.0,0.0,0.0,0.0,0.0,0.0,300.0,0,0,0.0,All
10,Bandleglass Mirror,950,0.0,0.0,0.0,0.0,0.0,0.0,20.0,10.0,0.0,0.5,0.0,0.0,0.0,0,0,0,0.0,All
11,Banshee's Veil,2600,0.0,0.0,0.0,0.0,0.0,0.0,80.0,10.0,0.0,0.0,0.0,0.0,0.0,0,0,45.0,0.0,All
12,Berserker's Greaves,1100,0.0,0.35,0.0,0.0,0.0,0.0,0.0,0.0,0.0,0.0,0.0,0.0,0.0,0,0,0,0.0,All
13,Black Cleaver,3100,50.0,0.0,0.0,0.0,0.0,0.0,0.0,30.0,0.0,0.0,0.0,0.0,0.0,400.0,0,0,0.0,All
14,Black Mist Scythe,400,20.0,0.0,0.0,0.0,0.0,0.0,0.0,0.0,0.0,1.0,0.0,0.0,0.0,75.0,0,0,0.0,All
15,Blade of the Ruined King,3300,40.0,0.25,0.0,0.08,0.0,0.0,0.0,0.0,0.0,0.0,0.0,0.0,0.0,0,0,0,0.0,All
16,Blasting Wand,850,0.0,0.0,0.0,0.0,0.0,0.0,40.0,0.0,0.0,0.0,0.0,0.0,0.0,0,0,0,0.0,All
17,Blighting Jewel,1250,0.0,0.0,0.0,0.0,0.0,0.0,25.0,0.0,0.0,0.0,0.0,0.0,0.13,0,0,0,0.0,All
18,Bloodthirster,3200,55.0,0.0,0.2,0.15,0.0,0.0,0.0,0.0,0.0,0.0,0.0,0.0,0.0,0,0,0,0.0,All
19,Bloodward,3400,65.0,0.3,0.2,0.08,0.0,0.0,0.0,0.0,0.0,0.0,0.0,0.0,0.0,0,0,0,0.0,All
20,Bramble Vest,800,0.0,0.0,0.0,0.0,0.0,0.0,0.0,0.0,0.0,0.0,0.0,0.0,0.0,0,30.0,0,0.0,All
21,Bulwark of the Mountain,400,0.0,0.0,0.0,0.0,0.0,0.0,20.0,0.0,0.0,0.0,0.0,0.0,0.0,250.0,0,0,0.2,All
22,Caesura,2800,0.0,0.0,0.0,0.0,0.0,0.0,90.0,25.0,800.0,0.0,0.0,0.0,0.0,350.0,0,0,0.0,All
23,Catalyst of Aeons,1100,0.0,0.0,0.0,0.0,0.0,0.0,0.0,0.0,300.0,0.0,0.0,0.0,0.0,225.0,0,0,0.0,All
24,Caulfield's Warhammer,1100,25.0,0.0,0.0,0.0,0.0,0.0,0.0,10.0,0.0,0.0,0.0,0.0,0.0,0,0,0,0.0,All
25,Ceaseless Hunger,3300,70.0,0.0,0.0,0.0,0.0,0.0,0.0,25.0,0.0,0.0,0.0,0.12,0.0,450.0,0,0,0.0,All
26,Chain Vest,800,0.0,0.0,0.0,0.0,0.0,0.0,0.0,0.0,0.0,0.0,0.0,0.0,0.0,0,40.0,0,0.0,All
27,Chempunk Chainsword,2800,55.0,0.0,0.0,0.0,0.0,0.0,0.0,25.0,0.0,0.0,0.0,0.0,0.0,250.0,0,0,0.0,All
28,Chemtech Putrifier,2300,0.0,0.0,0.0,0.0,0.0,0.0,40.0,15.0,0.0,1.0,0.08,0.0,0.0,0,0,0,0.0,All
29,Cloak of Agility,600,0.0,0.0,0.15,0.0,0.0,0.0,0.0,0.0,0.0,0.0,0.0,0.0,0.0,0,0,0,0.0,All
30,Cloth Armor,300,0.0,0.0,0.0,0.0,0.0,0.0,0.0,0.0,0.0,0.0,0.0,0.0,0.0,0,15.0,0,0.0,All
31,Cosmic Drive,3000,0.0,0.0,0.0,0.0,0.0,0.0,65.0,30.0,0.0,0.0,0.0,0.0,0.0,200.0,0,0,0.0,All
32,Crown of the Shattered Queen,2800,0.0,0.0,0.0,0.0,0.0,0.0,70.0,20.0,600.0,0.0,0.0,0.0,0.0,250.0,0,0,0.0,All
33,Crystalline Bracer,800,0.0,0.0,0.0,0.0,0.0,0.0,0.0,0.0,0.0,0.0,0.0,0.0,0.0,200.0,0,0,0.2,All
34,Cull,450,7.0,0.0,0.0,0.0,0.0,0.0,0.0,0.0,0.0,0.0,0.0,0.0,0.0,0,0,0,0.0,All
35,Dagger,300,0.0,0.12,0.0,0.0,0.0,0.0,0.0,0.0,0.0,0.0,0.0,0.0,0.0,0,0,0,0.0,All
36,Dark Seal,350,0.0,0.0,0.0,0.0,0.0,0.0,15.0,0.0,0.0,0.0,0.0,0.0,0.0,40.0,0,0,0.0,All
37,Dead Man's Plate,2900,0.0,0.0,0.0,0.0,0.0,0.0,0.0,0.0,0.0,0.0,0.0,0.0,0.0,300.0,45.0,0,0.0,All
38,Death's Dance,3300,65.0,0.0,0.0,0.0,0.0,0.0,0.0,0.0,0.0,0.0,0.0,0.0,0.0,0,50.0,0,0.0,All
39,Deicide,3300,60.0,0.0,0.0,0.0,0.0,0.0,0.0,25.0,0.0,0.0,0.0,0.0,0.0,450.0,0,0,0.0,All
40,Demonic Embrace,3000,0.0,0.0,0.0,0.0,0.0,0.0,75.0,0.0,0.0,0.0,0.0,0.0,0.0,350.0,0,0,0.0,All
41,Divine Sunderer,3300,40.0,0.0,0.0,0.0,0.0,0.0,0.0,20.0,0.0,0.0,0.0,0.0,0.0,300.0,0,0,0.0,All
42,Doran's Blade,450,8.0,0.0,0.0,0.0,0.0,0.0,0.0,0.0,0.0,0.0,0.0,0.0,0.0,80.0,0,0,0.0,All
43,Doran's Ring,400,0.0,0.0,0.0,0.0,0.0,0.0,15.0,0.0,0.0,0.0,0.0,0.0,0.0,70.0,0,0,0.0,All
44,Doran's Shield,450,0.0,0.0,0.0,0.0,0.0,0.0,0.0,0.0,0.0,0.0,0.0,0.0,0.0,80.0,0,0,0.012,All
45,Draktharr's Shadowcarver,3100,75.0,0.0,0.0,0.0,0.0,26.0,0.0,25.0,0.0,0.0,0.0,0.0,0.0,0,0,0,0.0,All
46,Dreamshatter,3300,60.0,0.3,0.0,0.0,0.0,0.0,0.0,25.0,0.0,0.0,0.0,0.0,0.0,400.0,0,0,0.0,All
47,Duskblade of Draktharr,3100,60.0,0.0,0.0,0.0,0.0,18.0,0.0,20.0,0.0,0.0,0.0,0.0,0.0,0,0,0,0.0,All
48,Eclipse,3100,60.0,0.0,0.0,0.0,0.0,12.0,0.0,15.0,0.0,0.0,0.0,0.0,0.0,0,0,0,0.0,All
49,Edge of Night,2900,50.0,0.0,0.0,0.0,0.0,10.0,0.0,0.0,0.0,0.0,0.0,0.0,0.0,325.0,0,0,0.0,All
50,Equinox,2500,0.0,0.0,0.0,0.0,0.0,0.0,0.0,25.0,0.0,0.0,0.0,0.0,0.0,400.0,40.0,40.0,0.0,All
51,Essence Reaver,2900,55.0,0.0,0.2,0.0,0.0,0.0,0.0,20.0,0.0,0.0,0.0,0.0,0.0,0,0,0,0.0,All
52,Eternal Winter,2800,0.0,0.0,0.0,0.0,0.0,0.0,90.0,25.0,800.0,0.0,0.0,0.0,0.0,350.0,0,0,0.0,All
53,Evenshroud,2500,0.0,0.0,0.0,0.0,0.0,0.0,0.0,20.0,0.0,0.0,0.0,0.0,0.0,200.0,30.0,30.0,0.0,All
54,Everfrost,2800,0.0,0.0,0.0,0.0,0.0,0.0,70.0,20.0,600.0,0.0,0.0,0.0,0.0,250.0,0,0,0.0,All
55,Executioner's Calling,800,15.0,0.0,0.0,0.0,0.0,0.0,0.0,0.0,0.0,0.0,0.0,0.0,0.0,0,0,0,0.0,All
56,Eye of Luden,3200,0.0,0.0,0.0,0.0,0.0,0.0,100.0,25.0,800.0,0.0,0.0,0.0,0.1,0,0,0,0.0,All
57,Faerie Charm,250,0.0,0.0,0.0,0.0,0.0,0.0,0.0,0.0,0.0,0.5,0.0,0.0,0.0,0,0,0,0.0,All
58,Fiendish Codex,900,0.0,0.0,0.0,0.0,0.0,0.0,35.0,10.0,0.0,0.0,0.0,0.0,0.0,0,0,0,0.0,All
59,Fimbulwinter,2600,0.0,0.0,0.0,0.0,0.0,0.0,0.0,15.0,860.0,0.0,0.0,0.0,0.0,400.0,0,0,0.0,All
60,Forbidden Idol,800,0.0,0.0,0.0,0.0,0.0,0.0,0.0,0.0,0.0,0.5,0.08,0.0,0.0,0,0,0,0.0,All
61,Force of Nature,2900,0.0,0.0,0.0,0.0,0.0,0.0,0.0,0.0,0.0,0.0,0.0,0.0,0.0,350.0,0,70.0,0.0,All
62,Frostfang,400,0.0,0.0,0.0,0.0,0.0,0.0,15.0,0.0,0.0,0.75,0.0,0.0,0.0,70.0,0,0,0.0,All
63,Frozen Fist,3000,0.0,0.0,0.0,0.0,0.0,0.0,0.0,25.0,0.0,0.0,0.0,0.0,0.0,550.0,70.0,0,0.0,All
64,Frozen Heart,2700,0.0,0.0,0.0,0.0,0.0,0.0,0.0,20.0,400.0,0.0,0.0,0.0,0.0,0,90.0,0,0.0,All
65,Galeforce,3400,60.0,0.2,0.2,0.0,0.0,0.0,0.0,0.0,0.0,0.0,0.0,0.0,0.0,0,0,0,0.0,All
66,Gargoyle Stoneplate,3200,0.0,0.0,0.0,0.0,0.0,0.0,0.0,15.0,0.0,0.0,0.0,0.0,0.0,0,60.0,60.0,0.0,All
67,Giant's Belt,900,0.0,0.0,0.0,0.0,0.0,0.0,0.0,0.0,0.0,0.0,0.0,0.0,0.0,350.0,0,0,0.0,All
68,Glacial Buckler,900,0.0,0.0,0.0,0.0,0.0,0.0,0.0,10.0,250.0,0.0,0.0,0.0,0.0,0,20.0,0,0.0,All
69,Goredrinker,3300,55.0,0.0,0.0,0.0,0.0,0.0,0.0,20.0,0.0,0.0,0.0,0.08,0.0,300.0,0,0,0.0,All
70,Guardian Angel,3000,45.0,0.0,0.0,0.0,0.0,0.0,0.0,0.0,0.0,0.0,0.0,0.0,0.0,0,40.0,0,0.0,All
71,Guardian's Blade,950,30.0,0.0,0.0,0.0,0.0,0.0,0.0,15.0,0.0,0.0,0.0,0.0,0.0,150.0,0,0,0.0,H
72,Guardian's Hammer,950,25.0,0.0,0.0,0.07,0.0,0.0,0.0,0.0,0.0,0.0,0.0,0.0,0.0,150.0,0,0,0.0,H
73,Guardian's Horn,950,0.0,0.0,0.0,0.0,0.0,0.0,0.0,0.0,0.0,0.0,0.0,0.0,0.0,150.0,0,0,0.04,H
74,Guardian's Orb,950,0.0,0.0,0.0,0.0,0.0,0.0,50.0,0.0,0.0,0.0,0.0,0.0,0.0,150.0,0,0,0.0,H
75,Guinsoo's Rageblade,2600,0.0,0.45,0.2,0.0,0.0,0.0,0.0,0.0,0.0,0.0,0.0,0.0,0.0,0,0,0,0.0,All
76,Harrowing Crescent,400,10.0,0.0,0.0,0.0,0.0,0.0,0.0,0.0,0.0,0.5,0.0,0.0,0.0,60.0,0,0,0.0,All
77,Hearthbound Axe,1000,15.0,0.15,0.0,0.0,0.0,0.0,0.0,0.0,0.0,0.0,0.0,0.0,0.0,0,0,0,0.0,All
78,Heartsteel,3200,0.0,0.0,0.0,0.0,0.0,0.0,0.0,20.0,0.0,0.0,0.0,0.0,0.0,800.0,0,0,0.4,All
79,Hexdrinker,1300,25.0,0.0,0.0,0.0,0.0,0.0,0.0,0.0,0.0,0.0,0.0,0.0,0.0,0,0,35.0,0.0,All
80,Hextech Alternator,1050,0.0,0.0,0.0,0.0,0.0,0.0,25.0,0.0,0.0,0.0,0.0,0.0,0.0,150.0,0,0,0.0,All
81,Hextech Rocketbelt,3200,0.0,0.0,0.0,0.0,0.0,0.0,90.0,15.0,0.0,0.0,0.0,0.0,0.06,250.0,0,0,0.0,All
82,Horizon Focus,3000,0.0,0.0,0.0,0.0,0.0,0.0,100.0,15.0,0.0,0.0,0.0,0.0,0.0,150.0,0,0,0.0,All
83,Hullbreaker,2800,50.0,0.0,0.0,0.0,0.0,0.0,0.0,0.0,0.0,0.0,0.0,0.0,0.0,400.0,0,0,0.3,All
84,Icathia's Curse,3200,0.0,0.0,0.0,0.0,0.0,0.0,90.0,20.0,0.0,0.0,0.0,0.08,0.0,450.0,0,0,0.0,All
85,Iceborn Gauntlet,3000,0.0,0.0,0.0,0.0,0.0,0.0,0.0,20.0,0.0,0.0,0.0,0.0,0.0,400.0,50.0,0,0.0,All
86,Immortal Shieldbow,3400,50.0,0.2,0.2,0.07,0.0,0.0,0.0,0.0,0.0,0.0,0.0,0.0,0.0,0,0,0,0.0,All
87,Imperial Mandate,2500,0.0,0.0,0.0,0.0,0.0,0.0,40.0,20.0,0.0,1.0,0.0,0.0,0.0,200.0,0,0,0.0,All
88,Infinite Convergence,2800,0.0,0.0,0.0,0.0,0.0,0.0,80.0,0.0,550.0,0.0,0.0,0.0,0.0,550.0,0,0,0.0,All
89,Infinity Edge,3400,70.0,0.0,0.2,0.0,0.0,0.0,0.0,0.0,0.0,0.0,0.0,0.0,0.0,0,0,0,0.0,All
90,Infinity Force,3333,45.0,0.4,0.0,0.0,0.0,0.0,0.0,25.0,0.0,0.0,0.0,0.0,0.0,400.0,0,0,0.0,All
91,Ionian Boots of Lucidity,950,0.0,0.0,0.0,0.0,0.0,0.0,0.0,20.0,0.0,0.0,0.0,0.0,0.0,0,0,0,0.0,All
92,Ironspike Whip,1100,30.0,0.0,0.0,0.0,0.0,0.0,0.0,0.0,0.0,0.0,0.0,0.0,0.0,0,0,0,0.0,All
93,"Jak'Sho, The Protean",3200,0.0,0.0,0.0,0.0,0.0,0.0,0.0,20.0,0.0,0.0,0.0,0.0,0.0,400.0,30.0,30.0,0.0,All
94,Kindlegem,800,0.0,0.0,0.0,0.0,0.0,0.0,0.0,10.0,0.0,0.0,0.0,0.0,0.0,200.0,0,0,0.0,All
95,Kircheis Shard,700,0.0,0.15,0.0,0.0,0.0,0.0,0.0,0.0,0.0,0.0,0.0,0.0,0.0,0,0,0,0.0,All
96,Knight's Vow,2300,0.0,0.0,0.0,0.0,0.0,0.0,0.0,20.0,0.0,0.0,0.0,0.0,0.0,400.0,0,0,0.4,All
97,Kraken Slayer,3400,65.0,0.25,0.2,0.0,0.0,0.0,0.0,0.0,0.0,0.0,0.0,0.0,0.0,0,0,0,0.0,All
98,Last Whisper,1450,20.0,0.0,0.0,0.0,0.18,0.0,0.0,0.0,0.0,0.0,0.0,0.0,0.0,0,0,0,0.0,All
99,Leeching Leer,1300,0.0,0.0,0.0,0.0,0.0,0.0,20.0,0.0,0.0,0.0,0.0,0.05,0.0,250.0,0,0,0.0,All
100,Leviathan,3200,0.0,0.0,0.0,0.0,0.0,0.0,0.0,25.0,0.0,0.0,0.0,0.0,0.0,1050.0,0,0,0.6,All
101,Liandry's Anguish,3200,0.0,0.0,0.0,0.0,0.0,0.0,80.0,20.0,600.0,0.0,0.0,0.0,0.0,0,0,0,0.0,All
102,Liandry's Lament,3200,0.0,0.0,0.0,0.0,0.0,0.0,110.0,25.0,800.0,0.0,0.0,0.0,0.0,0,0,0,0.0,All
103,Lich Bane,3000,0.0,0.0,0.0,0.0,0.0,0.0,75.0,15.0,0.0,0.0,0.0,0.0,0.0,0,0,0,0.0,All
104,Locket of the Iron Solari,2500,0.0,0.0,0.0,0.0,0.0,0.0,0.0,20.0,0.0,0.0,0.0,0.0,0.0,200.0,30.0,30.0,0.0,All
105,Long Sword,350,10.0,0.0,0.0,0.0,0.0,0.0,0.0,0.0,0.0,0.0,0.0,0.0,0.0,0,0,0,0.0,All
106,Lord Dominik's Regards,3000,35.0,0.0,0.2,0.0,0.3,0.0,0.0,0.0,0.0,0.0,0.0,0.0,0.0,0,0,0,0.0,All
107,Lost Chapter,1300,0.0,0.0,0.0,0.0,0.0,0.0,40.0,10.0,300.0,0.0,0.0,0.0,0.0,0,0,0,0.0,All
108,Luden's Tempest,3200,0.0,0.0,0.0,0.0,0.0,0.0,80.0,20.0,600.0,0.0,0.0,0.0,0.06,0,0,0,0.0,All
109,Manamune,2900,35.0,0.0,0.0,0.0,0.0,0.0,0.0,15.0,500.0,0.0,0.0,0.0,0.0,0,0,0,0.0,All
110,Maw of Malmortius,2900,65.0,0.0,0.0,0.0,0.0,0.0,0.0,0.0,0.0,0.0,0.0,0.0,0.0,0,0,50.0,0.0,All
111,Mejai's Soulstealer,1600,0.0,0.0,0.0,0.0,0.0,0.0,20.0,0.0,0.0,0.0,0.0,0.0,0.0,100.0,0,0,0.0,All
112,Mercurial Scimitar,3000,40.0,0.0,0.2,0.0,0.0,0.0,0.0,0.0,0.0,0.0,0.0,0.0,0.0,0,0,40.0,0.0,All
113,Mercury's Treads,1100,0.0,0.0,0.0,0.0,0.0,0.0,0.0,0.0,0.0,0.0,0.0,0.0,0.0,0,0,25.0,0.0,All
114,Mikael's Blessing,2300,0.0,0.0,0.0,0.0,0.0,0.0,0.0,15.0,0.0,1.0,0.16,0.0,0.0,0,0,50.0,0.0,All
115,Moonstone Renewer,2500,0.0,0.0,0.0,0.0,0.0,0.0,40.0,20.0,0.0,1.0,0.0,0.0,0.0,200.0,0,0,0.0,All
116,Morellonomicon,3000,0.0,0.0,0.0,0.0,0.0,0.0,90.0,0.0,0.0,0.0,0.0,0.0,0.1,200.0,0,0,0.0,All
117,Mortal Reminder,3000,35.0,0.0,0.2,0.0,0.3,0.0,0.0,0.0,0.0,0.0,0.0,0.0,0.0,0,0,0,0.0,All
118,Muramana,2900,35.0,0.0,0.0,0.0,0.0,0.0,0.0,15.0,860.0,0.0,0.0,0.0,0.0,0,0,0,0.0,All
119,Nashor's Tooth,3000,0.0,0.5,0.0,0.0,0.0,0.0,100.0,0.0,0.0,0.0,0.0,0.0,0.0,0,0,0,0.0,All
120,Navori Quickblades,3400,60.0,0.0,0.2,0.0,0.0,0.0,0.0,20.0,0.0,0.0,0.0,0.0,0.0,0,0,0,0.0,All
121,Needlessly Large Rod,1250,0.0,0.0,0.0,0.0,0.0,0.0,60.0,0.0,0.0,0.0,0.0,0.0,0.0,0,0,0,0.0,All
122,Negatron Cloak,900,0.0,0.0,0.0,0.0,0.0,0.0,0.0,0.0,0.0,0.0,0.0,0.0,0.0,0,0,50.0,0.0,All
123,Night Harvester,3200,0.0,0.0,0.0,0.0,0.0,0.0,90.0,25.0,0.0,0.0,0.0,0.0,0.0,300.0,0,0,0.0,All
124,Noonquiver,1300,30.0,0.15,0.0,0.0,0.0,0.0,0.0,0.0,0.0,0.0,0.0,0.0,0.0,0,0,0,0.0,All
125,Null-Magic Mantle,450,0.0,0.0,0.0,0.0,0.0,0.0,0.0,0.0,0.0,0.0,0.0,0.0,0.0,0,0,25.0,0.0,All
126,Oblivion Orb,800,0.0,0.0,0.0,0.0,0.0,0.0,30.0,0.0,0.0,0.0,0.0,0.0,0.0,0,0,0,0.0,All
127,Pauldrons of Whiterock,400,15.0,0.0,0.0,0.0,0.0,0.0,0.0,0.0,0.0,0.0,0.0,0.0,0.0,250.0,0,0,0.2,All
128,Phage,1100,15.0,0.0,0.0,0.0,0.0,0.0,0.0,0.0,0.0,0.0,0.0,0.0,0.0,200.0,0,0,0.0,All
129,Phantom Dancer,2600,20.0,0.25,0.2,0.0,0.0,0.0,0.0,0.0,0.0,0.0,0.0,0.0,0.0,0,0,0,0.0,All
130,Pickaxe,875,25.0,0.0,0.0,0.0,0.0,0.0,0.0,0.0,0.0,0.0,0.0,0.0,0.0,0,0,0,0.0,All
131,Plated Steelcaps,1100,0.0,0.0,0.0,0.0,0.0,0.0,0.0,0.0,0.0,0.0,0.0,0.0,0.0,0,20.0,0,0.0,All
132,Primordial Dawn,3000,0.0,0.0,0.0,0.0,0.0,0.0,0.0,25.0,0.0,0.0,0.0,0.0,0.0,550.0,40.0,40.0,0.0,All
133,Prowler's Claw,3100,60.0,0.0,0.0,0.0,0.0,18.0,0.0,20.0,0.0,0.0,0.0,0.0,0.0,0,0,0,0.0,All
134,Quicksilver Sash,1300,0.0,0.0,0.0,0.0,0.0,0.0,0.0,0.0,0.0,0.0,0.0,0.0,0.0,0,0,30.0,0.0,All
135,Rabadon's Deathcap,3600,0.0,0.0,0.0,0.0,0.0,0.0,120.0,0.0,0.0,0.0,0.0,0.0,0.0,0,0,0,0.0,All
136,Radiant Virtue,3000,0.0,0.0,0.0,0.0,0.0,0.0,0.0,20.0,0.0,0.0,0.0,0.0,0.0,400.0,30.0,30.0,0.0,All
137,Rageknife,800,0.0,0.25,0.0,0.0,0.0,0.0,0.0,0.0,0.0,0.0,0.0,0.0,0.0,0,0,0,0.0,All
138,Randuin's Omen,3000,0.0,0.0,0.0,0.0,0.0,0.0,0.0,0.0,0.0,0.0,0.0,0.0,0.0,400.0,60.0,0,0.0,All
139,Rapid Firecannon,2500,0.0,0.35,0.2,0.0,0.0,0.0,0.0,0.0,0.0,0.0,0.0,0.0,0.0,0,0,0,0.0,All
140,Ravenous Hydra,3400,65.0,0.0,0.0,0.1,0.0,0.0,0.0,25.0,0.0,0.0,0.0,0.0,0.0,0,0,0,0.0,All
141,Recurve Bow,1000,0.0,0.25,0.0,0.0,0.0,0.0,0.0,0.0,0.0,0.0,0.0,0.0,0.0,0,0,0,0.0,All
142,Redemption,2300,0.0,0.0,0.0,0.0,0.0,0.0,0.0,15.0,0.0,1.0,0.16,0.0,0.0,200.0,0,0,0.0,All
143,Rejuvenation Bead,300,0.0,0.0,0.0,0.0,0.0,0.0,0.0,0.0,0.0,0.0,0.0,0.0,0.0,0,0,0,0.2,All
144,Relic Shield,400,0.0,0.0,0.0,0.0,0.0,0.0,5.0,0.0,0.0,0.0,0.0,0.0,0.0,30.0,0,0,0.05,All
145,Reliquary of the Golden Dawn,2500,0.0,0.0,0.0,0.0,0.0,0.0,0.0,25.0,0.0,0.0,0.0,0.0,0.0,400.0,40.0,40.0,0.0,All
146,Riftmaker,3200,0.0,0.0,0.0,0.0,0.0,0.0,70.0,15.0,0.0,0.0,0.0,0.07,0.0,300.0,0,0,0.0,All
147,Rod of Ages,2800,0.0,0.0,0.0,0.0,0.0,0.0,60.0,0.0,400.0,0.0,0.0,0.0,0.0,400.0,0,0,0.0,All
148,Ruby Crystal,400,0.0,0.0,0.0,0.0,0.0,0.0,0.0,0.0,0.0,0.0,0.0,0.0,0.0,150.0,0,0,0.0,All
149,Runaan's Hurricane,2600,0.0,0.45,0.2,0.0,0.0,0.0,0.0,0.0,0.0,0.0,0.0,0.0,0.0,0,0,0,0.0,All
150,Runesteel Spaulders,400,6.0,0.0,0.0,0.0,0.0,0.0,0.0,0.0,0.0,0.0,0.0,0.0,0.0,100.0,0,0,0.1,All
151,Rylai's Crystal Scepter,2600,0.0,0.0,0.0,0.0,0.0,0.0,75.0,0.0,0.0,0.0,0.0,0.0,0.0,400.0,0,0,0.0,All
152,Sandshrike's Claw,3100,75.0,0.0,0.0,0.0,0.0,26.0,0.0,25.0,0.0,0.0,0.0,0.0,0.0,0,0,0,0.0,All
153,Sapphire Crystal,350,0.0,0.0,0.0,0.0,0.0,0.0,0.0,0.0,250.0,0.0,0.0,0.0,0.0,0,0,0,0.0,All
154,Seat of Command,2500,0.0,0.0,0.0,0.0,0.0,0.0,70.0,25.0,0.0,2.0,0.0,0.0,0.0,300.0,0,0,0.0,All
155,Seeker's Armguard,1000,0.0,0.0,0.0,0.0,0.0,0.0,30.0,0.0,0.0,0.0,0.0,0.0,0.0,0,15.0,0,0.0,All
156,Seraph's Embrace,3000,0.0,0.0,0.0,0.0,0.0,0.0,80.0,10.0,860.0,0.0,0.0,0.0,0.0,250.0,0,0,0.0,All
157,Serpent's Fang,2600,55.0,0.0,0.0,0.0,0.0,12.0,0.0,0.0,0.0,0.0,0.0,0.0,0.0,0,0,0,0.0,All
158,Serrated Dirk,1100,30.0,0.0,0.0,0.0,0.0,0.0,0.0,0.0,0.0,0.0,0.0,0.0,0.0,0,0,0,0.0,All
159,Serylda's Grudge,3200,45.0,0.0,0.0,0.0,0.3,0.0,0.0,20.0,0.0,0.0,0.0,0.0,0.0,0,0,0,0.0,All
160,Shadowflame,3000,0.0,0.0,0.0,0.0,0.0,0.0,100.0,0.0,0.0,0.0,0.0,0.0,0.0,200.0,0,0,0.0,All
161,Shard of True Ice,400,0.0,0.0,0.0,0.0,0.0,0.0,40.0,0.0,0.0,1.15,0.0,0.0,0.0,75.0,0,0,0.0,All
162,Shurelya's Battlesong,2500,0.0,0.0,0.0,0.0,0.0,0.0,40.0,20.0,0.0,1.0,0.0,0.0,0.0,200.0,0,0,0.0,All
163,Shurelya's Requiem,2500,0.0,0.0,0.0,0.0,0.0,0.0,70.0,25.0,0.0,2.0,0.0,0.0,0.0,300.0,0,0,0.0,All
164,Silvermere Dawn,3000,40.0,0.0,0.0,0.0,0.0,0.0,0.0,0.0,0.0,0.0,0.0,0.0,0.0,300.0,0,40.0,0.0,All
165,Sorcerer's Shoes,1100,0.0,0.0,0.0,0.0,0.0,0.0,0.0,0.0,0.0,0.0,0.0,0.0,0.18,0,0,0,0.0,All
166,Spear of Shojin,3400,65.0,0.0,0.0,0.0,0.0,0.0,0.0,20.0,0.0,0.0,0.0,0.0,0.0,300.0,0,0,0.0,All
167,Spectral Sickle,400,5.0,0.0,0.0,0.0,0.0,0.0,0.0,0.0,0.0,0.25,0.0,0.0,0.0,10.0,0,0,0.0,All
168,Spectre's Cowl,1250,0.0,0.0,0.0,0.0,0.0,0.0,0.0,0.0,0.0,0.0,0.0,0.0,0.0,250.0,0,25.0,0.0,All
169,Spellthief's Edge,400,0.0,0.0,0.0,0.0,0.0,0.0,8.0,0.0,0.0,0.5,0.0,0.0,0.0,10.0,0,0,0.0,All
170,Spirit Visage,2900,0.0,0.0,0.0,0.0,0.0,0.0,0.0,10.0,0.0,0.0,0.0,0.0,0.0,450.0,0,50.0,0.2,All
171,Staff of Flowing Water,2300,0.0,0.0,0.0,0.0,0.0,0.0,50.0,0.0,0.0,1.0,0.08,0.0,0.0,0,0,0,0.0,All
172,Starcaster,2500,0.0,0.0,0.0,0.0,0.0,0.0,70.0,25.0,0.0,2.0,0.0,0.0,0.0,300.0,0,0,0.0,All
173,Steel Shoulderguards,400,3.0,0.0,0.0,0.0,0.0,0.0,0.0,0.0,0.0,0.0,0.0,0.0,0.0,30.0,0,0,0.05,All
174,Sterak's Gage,3100,0.0,0.0,0.0,0.0,0.0,0.0,0.0,0.0,0.0,0.0,0.0,0.0,0.0,400.0,0,0,0.0,All
175,Stormrazor,2700,45.0,0.15,0.2,0.0,0.0,0.0,0.0,0.0,0.0,0.0,0.0,0.0,0.0,0,0,0,0.0,All
176,Stridebreaker,3300,50.0,0.2,0.0,0.0,0.0,0.0,0.0,20.0,0.0,0.0,0.0,0.0,0.0,300.0,0,0,0.0,All
177,Sunfire Aegis,2700,0.0,0.0,0.0,0.0,0.0,0.0,0.0,0.0,0.0,0.0,0.0,0.0,0.0,500.0,50.0,0,0.0,All
178,Syzygy,3100,80.0,0.0,0.0,0.0,0.0,20.0,0.0,20.0,0.0,0.0,0.0,0.0,0.0,0,0,0,0.0,All
179,Targon's Buckler,400,0.0,0.0,0.0,0.0,0.0,0.0,10.0,0.0,0.0,0.0,0.0,0.0,0.0,100.0,0,0,0.1,All
180,Tear of the Goddess,400,0.0,0.0,0.0,0.0,0.0,0.0,0.0,0.0,240.0,0.0,0.0,0.0,0.0,0,0,0,0.0,All
181,The Collector,3000,55.0,0.0,0.2,0.0,0.0,12.0,0.0,0.0,0.0,0.0,0.0,0.0,0.0,0,0,0,0.0,All
182,The Unspoken Parasite,3200,0.0,0.0,0.0,0.0,0.0,0.0,0.0,25.0,0.0,0.0,0.0,0.0,0.0,550.0,40.0,40.0,0.0,All
183,Thornmail,2700,0.0,0.0,0.0,0.0,0.0,0.0,0.0,0.0,0.0,0.0,0.0,0.0,0.0,350.0,70.0,0,0.0,All
184,Tiamat,1200,25.0,0.0,0.0,0.0,0.0,0.0,0.0,0.0,0.0,0.0,0.0,0.0,0.0,0,0,0,0.0,All
185,Titanic Hydra,3300,30.0,0.0,0.0,0.0,0.0,0.0,0.0,0.0,0.0,0.0,0.0,0.0,0.0,500.0,0,0,0.0,All
186,Trinity Force,3333,35.0,0.3,0.0,0.0,0.0,0.0,0.0,20.0,0.0,0.0,0.0,0.0,0.0,300.0,0,0,0.0,All
187,Turbo Chemtank,2800,0.0,0.0,0.0,0.0,0.0,0.0,0.0,10.0,0.0,0.0,0.0,0.0,0.0,500.0,0,50.0,0.0,All
188,Typhoon,3400,80.0,0.35,0.2,0.0,0.0,0.0,0.0,0.0,0.0,0.0,0.0,0.0,0.0,0,0,0,0.0,All
189,Umbral Glaive,2300,50.0,0.0,0.0,0.0,0.0,10.0,0.0,15.0,0.0,0.0,0.0,0.0,0.0,0,0,0,0.0,All
190,Upgraded Aeropack,3200,0.0,0.0,0.0,0.0,0.0,0.0,120.0,20.0,0.0,0.0,0.0,0.0,0.1,350.0,0,0,0.0,All
191,Vampiric Scepter,900,15.0,0.0,0.0,0.07,0.0,0.0,0.0,0.0,0.0,0.0,0.0,0.0,0.0,0,0,0,0.0,All
192,Verdant Barrier,1000,0.0,0.0,0.0,0.0,0.0,0.0,20.0,0.0,0.0,0.0,0.0,0.0,0.0,0,0,25.0,0.0,All
193,Vespertide,3200,0.0,0.0,0.0,0.0,0.0,0.0,120.0,30.0,0.0,0.0,0.0,0.0,0.0,400.0,0,0,0.0,All
194,Vigilant Wardstone,1100,0.0,0.0,0.0,0.0,0.0,0.0,0.0,15.0,0.0,0.0,0.0,0.0,0.0,150.0,0,0,0.0,All
195,Void Staff,2800,0.0,0.0,0.0,0.0,0.0,0.0,65.0,0.0,0.0,0.0,0.0,0.0,0.4,0,0,0,0.0,All
196,Warden's Mail,1000,0.0,0.0,0.0,0.0,0.0,0.0,0.0,0.0,0.0,0.0,0.0,0.0,0.0,0,40.0,0,0.0,All
197,Warmog's Armor,3000,0.0,0.0,0.0,0.0,0.0,0.0,0.0,10.0,0.0,0.0,0.0,0.0,0.0,800.0,0,0,0.4,All
198,Watchful Wardstone,1100,0.0,0.0,0.0,0.0,0.0,0.0,0.0,10.0,0.0,0.0,0.0,0.0,0.0,150.0,0,0,0.0,All
199,Winged Moonplate,800,0.0,0.0,0.0,0.0,0.0,0.0,0.0,0.0,0.0,0.0,0.0,0.0,0.0,150.0,0,0,0.0,All
200,Winter's Approach,2600,0.0,0.0,0.0,0.0,0.0,0.0,0.0,15.0,500.0,0.0,0.0,0.0,0.0,400.0,0,0,0.0,All
201,Wit's End,3100,40.0,0.4,0.0,0.0,0.0,0.0,0.0,0.0,0.0,0.0,0.0,0.0,0.0,0,0,40.0,0.0,All
202,Wyrmfallen Sacrifice,3400,85.0,0.4,0.2,0.0,0.0,0.0,0.0,0.0,0.0,0.0,0.0,0.0,0.0,0,0,0,0.0,All
203,Youmuu's Ghostblade,3000,55.0,0.0,0.0,0.0,0.0,18.0,0.0,15.0,0.0,0.0,0.0,0.0,0.0,0,0,0,0.0,All
204,Zeal,1050,0.0,0.18,0.15,0.0,0.0,0.0,0.0,0.0,0.0,0.0,0.0,0.0,0.0,0,0,0,0.0,All
205,Zeke's Convergence,2400,0.0,0.0,0.0,0.0,0.0,0.0,0.0,20.0,250.0,0.0,0.0,0.0,0.0,250.0,35.0,0,0.0,All
206,Zhonya's Hourglass,3000,0.0,0.0,0.0,0.0,0.0,0.0,80.0,15.0,0.0,0.0,0.0,0.0,0.0,0,45.0,0,0.0,All
